rank,moviename,link
5,The Jungle Book (2016),the-jungle-book-2016
37,Teenage Mutant Ninja Turtles: Out of the Shadows,teenage-mutant-ninja-turtles-2
71,Mike and Dave Need Wedding Dates,mike-and-dave-need-wedding-dates-2016
157,Hillsong - Let Hope Rise,hillsong---let-hope-rise
21,Ghostbusters (2016),ghostbusters-2016
41,The Girl on the Train (2016),the-girl-on-the-train-2016
14,The Revenant,the-revenant-2015
30,Passengers (2016),passengers-2016
84,Mother's Day,mothers-day-2016
90,Moonlight (2016),moonlight-2016
107,Nine Lives (2016),nine-lives-2016
119,Room,room-2015
163,Believe (2016),believe-2016
118,Criminal (2016),criminal-2016