,links
0,/people/chart/?view=Actor&id=jenamalone.htm
1,/people/chart/?view=Director&id=mortentyldum.htm
2,/people/chart/?view=Actor&id=johncreilly.htm
3,/people/chart/?view=Actor&id=armiehammer.htm
4,/people/chart/?view=Actor&id=rosebyrne.htm
5,/people/chart/?view=Director&id=zacksnyder.htm
6,/people/chart/?view=Writer&id=tylerperry.htm
7,/people/chart/?view=Actor&id=idriselba.htm
8,/people/chart/?view=Actor&id=frankgrillo.htm
9,/people/chart/?view=Actor&id=radhamitchell.htm
10,/people/chart/?view=Composer&id=carterburwell.htm
11,/people/chart/?view=Actor&id=emilyblunt.htm
12,/people/chart/?view=Composer&id=davidbuckley.htm
13,/people/chart/?view=Actor&id=reneezellweger.htm
14,/people/chart/?view=Actor&id=denzelwashington.htm
15,/people/chart/?view=Actor&id=colinfarrell.htm
16,/people/chart/?view=Director&id=melgibson.htm
17,/people/chart/?view=Actor&id=lukebracey.htm
18,/people/chart/?view=Actor&id=willsmith.htm
19,/people/chart/?view=Actor&id=naomieharris.htm
20,/people/chart/?view=Actor&id=benkingsley.htm
21,/people/chart/?view=Director&id=nicholaswindingrefn.htm
22,/people/chart/?view=Producer&id=brettratner.htm
23,/people/chart/?view=Actor&id=commonactor.htm
24,/people/chart/?view=Writer&id=scottderrickson.htm
25,/people/chart/?view=Director&id=antoinefuqua.htm
26,/people/chart/?view=Actor&id=benjaminbratt.htm
27,/people/chart/?view=Producer&id=natalieportman.htm
28,/people/chart/?view=Writer&id=jonlucas.htm
29,/people/chart/?view=Producer&id=joeroth.htm
30,/people/chart/?view=Producer&id=jameslbrooks.htm
31,/people/chart/?view=Actor&id=tinafey.htm
32,/people/chart/?view=Actor&id=amberheard.htm
33,/people/chart/?view=Producer&id=bradlewis.htm
34,/people/chart/?view=Producer&id=sethrogen.htm
35,/people/chart/?view=Producer&id=christophermeledandri.htm
36,/people/chart/?view=Actor&id=margotrobbie.htm
37,/people/chart/?view=Actor&id=katherinewaterston.htm
38,/people/chart/?view=Actor&id=donnieyen.htm
39,/people/chart/?view=Actor&id=williamhmacy.htm
40,/people/chart/?view=Producer&id=ronhoward.htm
41,/people/chart/?view=Actor&id=doncheadle.htm
42,/people/chart/?view=Actor&id=hughgrant.htm
43,/people/chart/?view=Actor&id=amyryan.htm
44,/people/chart/?view=Actor&id=markstrong.htm
45,/people/chart/?view=Actor&id=alexanderskarsgard.htm
46,/people/chart/?view=Director&id=jonlucas.htm
47,/people/chart/?view=Actor&id=rebelwilson.htm
48,/people/chart/?view=Actor&id=madsmikkelsen.htm
49,/people/chart/?view=Actor&id=johngoodman.htm
50,/people/chart/?view=Director&id=joshgordon.htm
51,/people/chart/?view=Director&id=djcaruso.htm
52,/people/chart/?view=Actor&id=emmaroberts.htm
53,/people/chart/?view=Producer&id=tuckertooley.htm
54,/people/chart/?view=Director&id=joerusso.htm
55,/people/chart/?view=Actor&id=tomwilkinson.htm
56,/people/chart/?view=Actor&id=ronperlman.htm
57,/people/chart/?view=Cinematographer&id=larryfong.htm
58,/people/chart/?view=Producer&id=marcplatt.htm
59,/people/chart/?view=Actor&id=rock.htm
60,/people/chart/?view=Producer&id=conradvernon.htm
61,/people/chart/?view=Director&id=willspeck.htm
62,/people/chart/?view=Director&id=whitstillman.htm
63,/people/chart/?view=Actor&id=sigourneyweaver.htm
64,/people/chart/?view=Actor&id=maggiesmith.htm
65,/people/chart/?view=Actor&id=georgeclooney.htm
66,/people/chart/?view=Composer&id=michaelgiacchino.htm
67,/people/chart/?view=Director&id=joelcoen.htm
68,/people/chart/?view=Actor&id=edwardnorton.htm
69,/people/chart/?view=Director&id=louisleterrier.htm
70,/people/chart/?view=Actor&id=markrylance.htm
71,/people/chart/?view=Actor&id=milesteller.htm
72,/people/chart/?view=Actor&id=clarkduke.htm
73,/people/chart/?view=Producer&id=ianbryce.htm
74,/people/chart/?view=Composer&id=warrenellis.htm
75,/people/chart/?view=Actor&id=elizabetholsen.htm
76,/people/chart/?view=Director&id=sharonmaguire.htm
77,/people/chart/?view=Producer&id=joelcoen.htm
78,/people/chart/?view=Writer&id=mattmanfredi.htm
79,/people/chart/?view=Producer&id=frankmarshall.htm
80,/people/chart/?view=Director&id=tatetaylor.htm
81,/people/chart/?view=Producer&id=zacksnyder.htm
82,/people/chart/?view=Actor&id=hollyhunter.htm
83,/people/chart/?view=Actor&id=bryancranston.htm
84,/people/chart/?view=Director&id=williambrentbell.htm
85,/people/chart/?view=Actor&id=nickfrost.htm
86,/people/chart/?view=Actor&id=katewinslet.htm
87,/people/chart/?view=Actor&id=alfredmolina.htm
88,/people/chart/?view=Actor&id=dannymcbride.htm
89,/people/chart/?view=Director&id=miranair.htm
90,/people/chart/?view=Producer&id=juddapatow.htm
91,/people/chart/?view=Actor&id=michaelkwilliams.htm
92,/people/chart/?view=Director&id=benstiller.htm
93,/people/chart/?view=Producer&id=ivanreitman.htm
94,/people/chart/?view=Actor&id=danielradcliffe.htm
95,/people/chart/?view=Producer&id=charlesroven.htm
96,/people/chart/?view=Director&id=robertzemeckis.htm
97,/people/chart/?view=Actor&id=paulbettany.htm
98,/people/chart/?view=Actor&id=chadwickboseman.htm
99,/people/chart/?view=Actor&id=juliannehough.htm
100,/people/chart/?view=Actor&id=rachelweisz.htm
101,/people/chart/?view=Actor&id=haileesteinfeld.htm
102,/people/chart/?view=Actor&id=seanpenn.htm
103,/people/chart/?view=Cinematographer&id=elliotdavis.htm
104,/people/chart/?view=Producer&id=richardsakai.htm
105,/people/chart/?view=Actor&id=patrickstewart.htm
106,/people/chart/?view=Actor&id=omarepps.htm
107,/people/chart/?view=Composer&id=alexandredesplat.htm
108,/people/chart/?view=Writer&id=whitstillman.htm
109,/people/chart/?view=Actor&id=aubreyplaza.htm
110,/people/chart/?view=Writer&id=evanspiliotopoulos.htm
111,/people/chart/?view=Director&id=tomford.htm
112,/people/chart/?view=Actor&id=davidoyelowo.htm
113,/people/chart/?view=Producer&id=jasonblum.htm
114,/people/chart/?view=Producer&id=peterberg.htm
115,/people/chart/?view=Actor&id=christopherwalken.htm
116,/people/chart/?view=Actor&id=cateblanchett.htm
117,/people/chart/?view=Composer&id=henryjackman.htm
118,/people/chart/?view=Actor&id=octaviaspencer.htm
119,/people/chart/?view=Producer&id=scottstuber.htm
120,/people/chart/?view=Writer&id=sethrogen.htm
121,/people/chart/?view=Actor&id=chrishemsworth.htm
122,/people/chart/?view=Actor&id=monique.htm
123,/people/chart/?view=Actor&id=vincevaughn.htm
124,/people/chart/?view=Producer&id=willpacker.htm
125,/people/chart/?view=Director&id=bradfurman.htm
126,/people/chart/?view=Actor&id=salmahayek.htm
127,/people/chart/?view=Actor&id=zachgalifianakis.htm
128,/people/chart/?view=Actor&id=icecube.htm
129,/people/chart/?view=Actor&id=sethmacfarlane.htm
130,/people/chart/?view=Actor&id=melissaleo.htm
131,/people/chart/?view=Actor&id=katehudson.htm
132,/people/chart/?view=Writer&id=tonygilroy.htm
133,/people/chart/?view=Actor&id=jessicachastain.htm
134,/people/chart/?view=Writer&id=davidkoepp.htm
135,/people/chart/?view=Actor&id=marioncotillard.htm
136,/people/chart/?view=Composer&id=hanszimmer.htm
137,/people/chart/?view=Actor&id=benstiller.htm
138,/people/chart/?view=Actor&id=kathybates.htm
139,/people/chart/?view=Director&id=kennethlonergan.htm
140,/people/chart/?view=Actor&id=kristenstewart.htm
141,/people/chart/?view=Actor&id=antonyelchin.htm
142,/people/chart/?view=Cinematographer&id=billpope.htm
143,/people/chart/?view=Director&id=anthonyrusso.htm
144,/people/chart/?view=Actor&id=sallyfield.htm
145,/people/chart/?view=Producer&id=jjabrams.htm
146,/people/chart/?view=Writer&id=chrisweitz.htm
147,/people/chart/?view=Actor&id=jaredleto.htm
148,/people/chart/?view=Actor&id=robertdeniro.htm
149,/people/chart/?view=Composer&id=stevejablonsky.htm
150,/people/chart/?view=Director&id=craiggillespie.htm
151,/people/chart/?view=Director&id=garethedwards.htm
152,/people/chart/?view=Writer&id=philhay.htm
153,/people/chart/?view=Actor&id=paulapatton.htm
154,/people/chart/?view=Director&id=stevenspielberg.htm
155,/people/chart/?view=Director&id=nickstoller.htm
156,/people/chart/?view=Producer&id=rodneyrothman.htm
157,/people/chart/?view=Actor&id=tonycox.htm
158,/people/chart/?view=Producer&id=brendanobrien.htm
159,/people/chart/?view=Actor&id=jakegyllenhaal.htm
160,/people/chart/?view=Cinematographer&id=greigfraser.htm
161,/people/chart/?view=Actor&id=andrewstanton.htm
162,/people/chart/?view=Actor&id=anthonydaniels.htm
163,/people/chart/?view=Actor&id=woodyharrelson.htm
164,/people/chart/?view=Producer&id=andysamberg.htm
165,/people/chart/?view=Actor&id=williamhurt.htm
166,/people/chart/?view=Actor&id=timothyolyphant.htm
167,/people/chart/?view=Producer&id=deborahsnyder.htm
168,/people/chart/?view=Actor&id=annehathaway.htm
169,/people/chart/?view=Composer&id=jamesnewtonhoward.htm
170,/people/chart/?view=Actor&id=samworthington.htm
171,/people/chart/?view=Actor&id=johnnydepp.htm
172,/people/chart/?view=Producer&id=ryankavanaugh.htm
173,/people/chart/?view=Actor&id=jeremyrenner.htm
174,/people/chart/?view=Composer&id=rupertgregsonwilliams.htm
175,/people/chart/?view=Actor&id=tomhiddleston.htm
176,/people/chart/?view=Actor&id=jonvoight.htm
177,/people/chart/?view=Director&id=jonfavreau.htm
178,/people/chart/?view=Actor&id=michaelfassbender.htm
179,/people/chart/?view=Actor&id=gaboureysidibe.htm
180,/people/chart/?view=Producer&id=ericfellner.htm
181,/people/chart/?view=Actor&id=annakendrick.htm
182,/people/chart/?view=Director&id=garthjennings.htm
183,/people/chart/?view=Actor&id=johncorbett.htm
184,/people/chart/?view=Actor&id=lisakudrow.htm
185,/people/chart/?view=Actor&id=omarsy.htm
186,/people/chart/?view=Writer&id=jonspaihts.htm
187,/people/chart/?view=Producer&id=meganellison.htm
188,/people/chart/?view=Actor&id=bellathorne.htm
189,/people/chart/?view=Producer&id=tinafey.htm
190,/people/chart/?view=Producer&id=tomcruise.htm
191,/people/chart/?view=Actor&id=johnleguizamo.htm
192,/people/chart/?view=Producer&id=timburton.htm
193,/people/chart/?view=Director&id=johnmadden.htm
194,/people/chart/?view=Cinematographer&id=rogerdeakins.htm
195,/people/chart/?view=Actor&id=sylvesterstallone.htm
196,/people/chart/?view=Writer&id=duncanjones.htm
197,/people/chart/?view=Producer&id=stevenspielberg.htm
198,/people/chart/?view=Actor&id=jemaineclement.htm
199,/people/chart/?view=Actor&id=maryelizabethwinstead.htm
200,/people/chart/?view=Writer&id=jeffhoward.htm
201,/people/chart/?view=Producer&id=icecube.htm
202,/people/chart/?view=Cinematographer&id=juliomacat.htm
203,/people/chart/?view=Actor&id=tomcruise.htm
204,/people/chart/?view=Actor&id=sofiaboutella.htm
205,/people/chart/?view=Writer&id=davidsgoyer.htm
206,/people/chart/?view=Director&id=timstory.htm
207,/people/chart/?view=Director&id=conradvernon.htm
208,/people/chart/?view=Actor&id=andrewgarfield.htm
209,/people/chart/?view=Writer&id=kendaurio.htm
210,/people/chart/?view=Actor&id=stevecarell.htm
211,/people/chart/?view=Actor&id=laurencefishburne.htm
212,/people/chart/?view=Actor&id=kimbasinger.htm
213,/people/chart/?view=Actor&id=sachabaroncohen.htm
214,/people/chart/?view=Producer&id=akivaschaffer.htm
215,/people/chart/?view=Actor&id=chrispratt.htm
216,/people/chart/?view=Actor&id=michellewilliams.htm
217,/people/chart/?view=Actor&id=chrispine.htm
218,/people/chart/?view=Actor&id=jesseeisenberg.htm
219,/people/chart/?view=Actor&id=mattdamon.htm
220,/people/chart/?view=Actor&id=joshgad.htm
221,/people/chart/?view=Actor&id=tyresegibson.htm
222,/people/chart/?view=Writer&id=christophermarkus.htm
223,/people/chart/?view=Actor&id=amyadams.htm
224,/people/chart/?view=Writer&id=johnleehancock.htm
225,/people/chart/?view=Actor&id=morganfreeman.htm
226,/people/chart/?view=Actor&id=helenabonhamcarter.htm
227,/people/chart/?view=Actor&id=caradelevigne.htm
228,/people/chart/?view=Actor&id=jamesfranco.htm
229,/people/chart/?view=Director&id=garyross.htm
230,/people/chart/?view=Producer&id=michaelbay.htm
231,/people/chart/?view=Director&id=akivaschaffer.htm
232,/people/chart/?view=Actor&id=diegoluna.htm
233,/people/chart/?view=Actor&id=simonpegg.htm
234,/people/chart/?view=Actor&id=sethrogen.htm
235,/people/chart/?view=Producer&id=davidellison.htm
236,/people/chart/?view=Writer&id=tomford.htm
237,/people/chart/?view=Actor&id=martinfreeman.htm
238,/people/chart/?view=Actor&id=danacarvey.htm
239,/people/chart/?view=Actor&id=alanrickman.htm
240,/people/chart/?view=Actor&id=rosariodawson.htm
241,/people/chart/?view=Producer&id=janethealy.htm
242,/people/chart/?view=Producer&id=davidsgoyer.htm
243,/people/chart/?view=Composer&id=nathanwhitehead.htm
244,/people/chart/?view=Writer&id=christerrio.htm
245,/people/chart/?view=Director&id=barrysonnenfeld.htm
246,/people/chart/?view=Director&id=johnrequa.htm
247,/people/chart/?view=Actor&id=jeremyirons.htm
248,/people/chart/?view=Writer&id=benstiller.htm
249,/people/chart/?view=Writer&id=garthjennings.htm
250,/people/chart/?view=Actor&id=dannyglover.htm
251,/people/chart/?view=Writer&id=justinmarks.htm
252,/people/chart/?view=Actor&id=juliaroberts.htm
253,/people/chart/?view=Actor&id=bobpeterson.htm
254,/people/chart/?view=Actor&id=camgigandet.htm
255,/people/chart/?view=Actor&id=aliciavikander.htm
256,/people/chart/?view=Director&id=michaelbay.htm
257,/people/chart/?view=Writer&id=scottmoore.htm
258,/people/chart/?view=Producer&id=ozzieareu.htm
259,/people/chart/?view=Director&id=stephenfrears.htm
260,/people/chart/?view=Cinematographer&id=larrysher.htm
261,/people/chart/?view=Composer&id=dariomarianelli.htm
262,/people/chart/?view=Actor&id=sharltocopley.htm
263,/people/chart/?view=Producer&id=dannymcbride.htm
264,/people/chart/?view=Actor&id=ralphfiennes.htm
265,/people/chart/?view=Writer&id=charlesleavitt.htm
266,/people/chart/?view=Actor&id=sebastianstan.htm
267,/people/chart/?view=Actor&id=bradpitt.htm
268,/people/chart/?view=Actor&id=brielarson.htm
269,/people/chart/?view=Actor&id=ewanmcgregor.htm
270,/people/chart/?view=Director&id=woodallen.htm
271,/people/chart/?view=Writer&id=paulfeig.htm
272,/people/chart/?view=Actor&id=jasonbateman.htm
273,/people/chart/?view=Actor&id=jasonsudeikis.htm
274,/people/chart/?view=Actor&id=chiwetelejiofor.htm
275,/people/chart/?view=Director&id=davidyates.htm
276,/people/chart/?view=Actor&id=marlonwayans.htm
277,/people/chart/?view=Composer&id=jameshorner.htm
278,/people/chart/?view=Actor&id=owenwilson.htm
279,/people/chart/?view=Actor&id=davefranco.htm
280,/people/chart/?view=Actor&id=paulgiamatti.htm
281,/people/chart/?view=Composer&id=junkiexl.htm
282,/people/chart/?view=Composer&id=johnwilliams.htm
283,/people/chart/?view=Actor&id=tildaswinton.htm
284,/people/chart/?view=Actor&id=kylegallner.htm
285,/people/chart/?view=Producer&id=peterschlessel.htm
286,/people/chart/?view=Actor&id=chrisevans.htm
287,/people/chart/?view=Producer&id=scottmednick.htm
288,/people/chart/?view=Writer&id=katiedippold.htm
289,/people/chart/?view=Actor&id=niavardalos.htm
290,/people/chart/?view=Actor&id=kevincostner.htm
291,/people/chart/?view=Actor&id=juliastiles.htm
292,/people/chart/?view=Actor&id=christophwaltz.htm
293,/people/chart/?view=Director&id=davidayer.htm
294,/people/chart/?view=Producer&id=bradfuller.htm
295,/people/chart/?view=Director&id=scottderrickson.htm
296,/people/chart/?view=Writer&id=nickstoller.htm
297,/people/chart/?view=Director&id=andrewstanton.htm
298,/people/chart/?view=Actor&id=ethanhawke.htm
299,/people/chart/?view=Actor&id=tylerperry.htm
300,/people/chart/?view=Producer&id=evangoldberg.htm
301,/people/chart/?view=Actor&id=jormataccone.htm
302,/people/chart/?view=Producer&id=tylerperry.htm
303,/people/chart/?view=Actor&id=kevinspacey.htm
304,/people/chart/?view=Actor&id=alantudyk.htm
305,/people/chart/?view=Actor&id=petersarsgaard.htm
306,/people/chart/?view=Cinematographer&id=mandywalker.htm
307,/people/chart/?view=Actor&id=edgarramirez.htm
308,/people/chart/?view=Actor&id=taronegerton.htm
309,/people/chart/?view=Actor&id=helenmirren.htm
310,/people/chart/?view=Actor&id=rachelmcadams.htm
311,/people/chart/?view=Director&id=jeanmarcvallee.htm
312,/people/chart/?view=Writer&id=rickalvarez.htm
313,/people/chart/?view=Actor&id=benaffleck.htm
314,/people/chart/?view=Writer&id=garyross.htm
315,/people/chart/?view=Producer&id=bryanburk.htm
316,/people/chart/?view=Director&id=justinlin.htm
317,/people/chart/?view=Actor&id=ryangosling.htm
318,/people/chart/?view=Actor&id=matthewmcconaughey.htm
319,/people/chart/?view=Producer&id=jormataccone.htm
320,/people/chart/?view=Actor&id=forestwhitaker.htm
321,/people/chart/?view=Producer&id=andrewform.htm
322,/people/chart/?view=Writer&id=johnridley.htm
323,/people/chart/?view=Director&id=ronhoward.htm
324,/people/chart/?view=Actor&id=eddieredmayne.htm
325,/people/chart/?view=Actor&id=christinaapplegate.htm
326,/people/chart/?view=Director&id=davegreen.htm
327,/people/chart/?view=Producer&id=nickstoller.htm
328,/people/chart/?view=Actor&id=matthiasschoenaerts.htm
329,/people/chart/?view=Actor&id=colinfirth.htm
330,/people/chart/?view=Actor&id=tomhanks.htm
331,/people/chart/?view=Actor&id=allisonjanney.htm
332,/people/chart/?view=Actor&id=joanallen.htm
333,/people/chart/?view=Actor&id=chriscooper.htm
334,/people/chart/?view=Actor&id=willferrell.htm
335,/people/chart/?view=Writer&id=davidayer.htm
336,/people/chart/?view=Composer&id=nickcave.htm
337,/people/chart/?view=Actor&id=jaicourtney.htm
338,/people/chart/?view=Actor&id=imogenpoots.htm
339,/people/chart/?view=Writer&id=timothydowling.htm
340,/people/chart/?view=Actor&id=sarahpaulson.htm
341,/people/chart/?view=Actor&id=billybobthornton.htm
342,/people/chart/?view=Director&id=shaneblack.htm
343,/people/chart/?view=Actor&id=bonniehunt.htm
344,/people/chart/?view=Actor&id=albertbrooks.htm
345,/people/chart/?view=Actor&id=kelseygrammer.htm
346,/people/chart/?view=Actor&id=ellendegeneres.htm
347,/people/chart/?view=Actor&id=dominiccooper.htm
348,/people/chart/?view=Producer&id=willferrell.htm
349,/people/chart/?view=Actor&id=natalieportman.htm
350,/people/chart/?view=Actor&id=meganfox.htm
351,/people/chart/?view=Producer&id=jonahhill.htm
352,/people/chart/?view=Composer&id=alanmenken.htm
353,/people/chart/?view=Director&id=adamwingard.htm
354,/people/chart/?view=Writer&id=woodallen.htm
355,/people/chart/?view=Writer&id=kennethlonergan.htm
356,/people/chart/?view=Actor&id=milakunis.htm
357,/people/chart/?view=Producer&id=ethancoen.htm
358,/people/chart/?view=Actor&id=caseyaffleck.htm
359,/people/chart/?view=Director&id=oliverstone.htm
360,/people/chart/?view=Director&id=mikeflanagan.htm
361,/people/chart/?view=Actor&id=pauldano.htm
362,/people/chart/?view=Actor&id=shailenewoodley.htm
363,/people/chart/?view=Actor&id=lukeevans.htm
364,/people/chart/?view=Actor&id=michaelsheen.htm
365,/people/chart/?view=Writer&id=damienchazelle.htm
366,/people/chart/?view=Actor&id=merylstreep.htm
367,/people/chart/?view=Writer&id=billdubuque.htm
368,/people/chart/?view=Actor&id=tyburrell.htm
369,/people/chart/?view=Actor&id=aaroneckhart.htm
370,/people/chart/?view=Actor&id=islafisher.htm
371,/people/chart/?view=Director&id=garrymarshall.htm
372,/people/chart/?view=Director&id=rosskatz.htm
373,/people/chart/?view=Producer&id=jonjashni.htm
374,/people/chart/?view=Actor&id=marisatomei.htm
375,/people/chart/?view=Actor&id=rebeccahall.htm
376,/people/chart/?view=Producer&id=melissamccarthy.htm
377,/people/chart/?view=Actor&id=dianekeaton.htm
378,/people/chart/?view=Writer&id=simonpegg.htm
379,/people/chart/?view=Actor&id=galgadot.htm
380,/people/chart/?view=Director&id=kirkjones.htm
381,/people/chart/?view=Actor&id=benedictcumberbatch.htm
382,/people/chart/?view=Actor&id=maconblair.htm
383,/people/chart/?view=Actor&id=tommyleejones.htm
384,/people/chart/?view=Director&id=clinteastwood.htm
385,/people/chart/?view=Writer&id=jeremysaulnier.htm
386,/people/chart/?view=Director&id=ethancoen.htm
387,/people/chart/?view=Actor&id=joshbrolin.htm
388,/people/chart/?view=Composer&id=thomasnewman.htm
389,/people/chart/?view=Actor&id=ronlivingston.htm
390,/people/chart/?view=Director&id=timurbekmambetov.htm
391,/people/chart/?view=Actor&id=rebeccaferguson.htm
392,/people/chart/?view=Producer&id=paulgreengrass.htm
393,/people/chart/?view=Director&id=toddphillips.htm
394,/people/chart/?view=Actor&id=robertredford.htm
395,/people/chart/?view=Actor&id=danfogler.htm
396,/people/chart/?view=Director&id=jaumecolletserra.htm
397,/people/chart/?view=Actor&id=zoesaldana.htm
398,/people/chart/?view=Director&id=billewoodruff.htm
399,/people/chart/?view=Writer&id=simonbarrett.htm
400,/people/chart/?view=Writer&id=craigmazin.htm
401,/people/chart/?view=Cinematographer&id=charlottebruuschristensen.htm
402,/people/chart/?view=Director&id=stephenhopkins.htm
403,/people/chart/?view=Actor&id=jadapinkett.htm
404,/people/chart/?view=Actor&id=lupitanyongo.htm
405,/people/chart/?view=Director&id=kevinreynolds.htm
406,/people/chart/?view=Producer&id=julieyorn.htm
407,/people/chart/?view=Producer&id=robertoorci.htm
408,/people/chart/?view=Director&id=edwardzwick.htm
409,/people/chart/?view=Actor&id=teresapalmer.htm
410,/people/chart/?view=Actor&id=violadavis.htm
411,/people/chart/?view=Director&id=richmoore.htm
412,/people/chart/?view=Actor&id=akivaschaffer.htm
413,/people/chart/?view=Writer&id=lindawoolverton.htm
414,/people/chart/?view=Actor&id=henrycavill.htm
415,/people/chart/?view=Actor&id=penelopecruz.htm
416,/people/chart/?view=Actor&id=johnkrasinski.htm
417,/people/chart/?view=Actor&id=naomiwatts.htm
418,/people/chart/?view=Actor&id=karlurban.htm
419,/people/chart/?view=Director&id=jormataccone.htm
420,/people/chart/?view=Director&id=gavinoconnor.htm
421,/people/chart/?view=Actor&id=michaelcera.htm
422,/people/chart/?view=Writer&id=brendanobrien.htm
423,/people/chart/?view=Composer&id=stevenprice.htm
424,/people/chart/?view=Director&id=scottmoore.htm
425,/people/chart/?view=Cinematographer&id=danielpearl.htm
426,/people/chart/?view=Actor&id=parkerposey.htm
427,/people/chart/?view=Actor&id=lievschreiber.htm
428,/people/chart/?view=Writer&id=andrewstanton.htm
429,/people/chart/?view=Writer&id=cincopaul.htm
430,/people/chart/?view=Actor&id=djimonhounsou.htm
431,/people/chart/?view=Director&id=tomhooper.htm
432,/people/chart/?view=Actor&id=reesewitherspoon.htm
433,/people/chart/?view=Producer&id=briangrazer.htm
434,/people/chart/?view=Composer&id=dannyelfman.htm
435,/people/chart/?view=Composer&id=jobytalbot.htm
436,/people/chart/?view=Writer&id=mikeflanagan.htm
437,/people/chart/?view=Actor&id=jennifergarner.htm
438,/people/chart/?view=Actor&id=katebeckinsale.htm
439,/people/chart/?view=Director&id=tylerperry.htm
440,/people/chart/?view=Writer&id=melissamccarthy.htm
441,/people/chart/?view=Actor&id=tomholland.htm
442,/people/chart/?view=Actor&id=andysamberg.htm
443,/people/chart/?view=Director&id=paulfeig.htm
444,/people/chart/?view=Writer&id=evangoldberg.htm
445,/people/chart/?view=Actor&id=jonahhill.htm
446,/people/chart/?view=Director&id=denisvilleneuve.htm
447,/people/chart/?view=Actor&id=irrfankhan.htm
448,/people/chart/?view=Actor&id=rooneymara.htm
449,/people/chart/?view=Actor&id=jenniferlawrence.htm
450,/people/chart/?view=Actor&id=ezramiller.htm
451,/people/chart/?view=Actor&id=channingtatum.htm
452,/people/chart/?view=Actor&id=chloemoretz.htm
453,/people/chart/?view=Actor&id=robertdowneyjr.htm
454,/people/chart/?view=Actor&id=kristenwiig.htm
455,/people/chart/?view=Actor&id=kristenbell.htm
456,/people/chart/?view=Producer&id=jamesweaver.htm
457,/people/chart/?view=Director&id=glennficarra.htm
458,/people/chart/?view=Actor&id=brycedallashoward.htm
459,/people/chart/?view=Director&id=jeremysaulnier.htm
460,/people/chart/?view=Writer&id=stephenmcfeely.htm
461,/people/chart/?view=Actor&id=blakelively.htm
462,/people/chart/?view=Actor&id=gerardbutler.htm
463,/people/chart/?view=Actor&id=miawasikowska.htm
464,/people/chart/?view=Actor&id=felicityjones.htm
465,/people/chart/?view=Composer&id=briantyler.htm
466,/people/chart/?view=Director&id=chrisrenaud.htm
467,/people/chart/?view=Actor&id=hugoweaving.htm
468,/people/chart/?view=Actor&id=robschneider.htm
469,/people/chart/?view=Composer&id=johndebney.htm
470,/people/chart/?view=Actor&id=zacefron.htm
471,/people/chart/?view=Writer&id=brianduffield.htm
472,/people/chart/?view=Director&id=marcabraham.htm
473,/people/chart/?view=Producer&id=colinwilson.htm
474,/people/chart/?view=Producer&id=adammckay.htm
475,/people/chart/?view=Actor&id=benfoster.htm
476,/people/chart/?view=Composer&id=alansilvestri.htm
477,/people/chart/?view=Director&id=markswaters.htm
478,/people/chart/?view=Actor&id=jordanpeele.htm
479,/people/chart/?view=Actor&id=lauralinney.htm
480,/people/chart/?view=Director&id=arielschulman.htm
481,/people/chart/?view=Actor&id=charlizetheron.htm
482,/people/chart/?view=Producer&id=lornemichaels.htm
483,/people/chart/?view=Actor&id=russellcrowe.htm
484,/people/chart/?view=Writer&id=joelcoen.htm
485,/people/chart/?view=Actor&id=josephgordonlevitt.htm
486,/people/chart/?view=Director&id=travisknight.htm
487,/people/chart/?view=Actor&id=scarlettjohansson.htm
488,/people/chart/?view=Actor&id=billmurray.htm
489,/people/chart/?view=Producer&id=kathleenkennedy.htm
490,/people/chart/?view=Writer&id=marcabraham.htm
491,/people/chart/?view=Director&id=bradpeyton.htm
492,/people/chart/?view=Actor&id=aaronjohnson.htm
493,/people/chart/?view=Writer&id=crobertcargill.htm
494,/people/chart/?view=Actor&id=jenniferaniston.htm
495,/people/chart/?view=Writer&id=marlonwayans.htm
496,/people/chart/?view=Producer&id=timurbekmambetov.htm
497,/people/chart/?view=Actor&id=sophiecookson.htm
498,/people/chart/?view=Producer&id=timbevan.htm
499,/people/chart/?view=Actor&id=anthonymackie.htm
500,/people/chart/?view=Actor&id=samuelljackson.htm
501,/people/chart/?view=Director&id=stevecarr.htm
502,/people/chart/?view=Director&id=paulgreengrass.htm
503,/people/chart/?view=Director&id=michaeltiddes.htm
504,/people/chart/?view=Producer&id=mattdamon.htm
505,/people/chart/?view=Producer&id=sidneykimmel.htm
506,/people/chart/?view=Cinematographer&id=natashabraier.htm
507,/people/chart/?view=Actor&id=kevinhart.htm
508,/people/chart/?view=Actor&id=jackieearlehaley.htm
509,/people/chart/?view=Actor&id=keanureeves.htm
510,/people/chart/?view=Actor&id=melissamccarthy.htm
511,/people/chart/?view=Actor&id=rhysifans.htm
512,/people/chart/?view=Actor&id=angelabassett.htm
513,/people/chart/?view=Director&id=denzelwashington.htm
514,/people/chart/?view=Actor&id=rodrigosantoro.htm
515,/people/chart/?view=Actor&id=ginnifergoodwin.htm
516,/people/chart/?view=Actor&id=benwhishaw.htm
517,/people/chart/?view=Director&id=duncanjones.htm
518,/people/chart/?view=Actor&id=dianelane.htm
519,/people/chart/?view=Producer&id=kevinfeige.htm
520,/people/chart/?view=Writer&id=ethancoen.htm
521,/people/chart/?view=Composer&id=johnpowell.htm
522,/people/chart/?view=Actor&id=kevinbacon.htm
523,/people/chart/?view=Actor&id=jeffbridges.htm
524,/people/chart/?view=Actor&id=paulrudd.htm
525,/people/chart/?view=Writer&id=stevenknight.htm
526,/people/chart/?view=Producer&id=thomastull.htm
527,/people/chart/?view=Actor&id=chloesevigny.htm
528,/people/chart/?view=Actor&id=ellefanning.htm
529,/people/chart/?view=Director&id=johnhillcoat.htm
530,/people/chart/?view=Director&id=derekcianfrance.htm
531,/people/chart/?view=Director&id=henryjoost.htm
